Qty,Line Item,Manufacturer,MPN,Octopart URL,Schematic Reference,Internal Part Number,Description,Total Qty (@ Batch Size: 5),SKU,SKU,Packaging,Packaging,Unit Price (@ Batch Size: 5),Unit Price (@ Batch Size: 5),In Stock,In Stock,MOQ,MOQ,URL,URL,Distributor [Lowest Price (Overall)],SKU [Lowest Price (Overall)],Packaging [Lowest Price (Overall)],Unit Price (@ Batch Size: 5) [Lowest Price (Overall)],Line Total [Lowest Price (Overall)],Batch Total [Lowest Price (Overall)],In Stock [Lowest Price (Overall)],MOQ [Lowest Price (Overall)],URL [Lowest Price (Overall)],Notes
,,,,,,,,,Digi-Key,Mouser,Digi-Key,Mouser,Digi-Key,Mouser,Digi-Key,Mouser,Digi-Key,Mouser,Digi-Key,Mouser,,,,,,,,,,
5,CC0402BRNPO9BN5R0,Yageo,CC0402BRNPO9BN5R0,https://octopart.com/cc0402brnpo9bn5r0-yageo-25628355,C101. C103,,Capacitor. Surface Mount,25,311-3706-1-ND,603-CC402BRNPO9BN5R0,Cut Tape,Tape & Reel,0.039,0.028,42994,28590,1,1,https://octopart.com/click/track?ai=8237&sig=0f81753&sid=459&ppid=25628355&vpid=457174051&ct=offers,https://octopart.com/click/track?ai=8237&sig=0d0b5ed&sid=2401&ppid=25628355&vpid=227343903&ct=offers,Arrow Electronics,CC0402BRNPO9BN5R0,Cut Tape,0.0239,0.11950000000000001,0.5975,9900,1,https://octopart.com/click/track?ai=8237&sig=08da1ee&sid=1106&ppid=25628355&vpid=492217419&ct=offers,
5,CBR04C160F5GAC,KEMET,CBR04C160F5GAC,https://octopart.com/cbr04c160f5gac-kemet-23843229,C102. C104,,Capacitor. Surface Mount,25,399-8829-1-ND,80-CBR04C160F5GAC,Cut Tape,Tape & Reel,0.284,0.284,129483,14582,1,1,https://octopart.com/click/track?ai=8237&sig=03d5801&sid=459&ppid=23843229&vpid=52432820&ct=offers,https://octopart.com/click/track?ai=8237&sig=066bcae&sid=2401&ppid=23843229&vpid=269039030&ct=offers,Newark,96Y6807,Cut Tape,0.09,0.44999999999999996,2.25,8883,1,https://octopart.com/click/track?ai=8237&sig=05468dc&sid=2402&ppid=23843229&vpid=270962015&ct=offers,
6,CC0402KRX5R5BB475,Yageo,CC0402KRX5R5BB475,https://octopart.com/cc0402krx5r5bb475-yageo-71498076,C105. C208. C210,,Capacitor. Surface Mount,30,311-3476-1-ND,603-CC0402KRX55BB475,Cut Tape,Tape & Reel,0.223,0.104,40857,0,1,1,https://octopart.com/click/track?ai=8237&sig=0605e37&sid=459&ppid=71498076&vpid=421485622&ct=offers,https://octopart.com/click/track?c=1&ai=8237&sig=0a88227&sid=2401&ppid=71498076&vpid=448426933&ct=offers,Mouser,603-CC0402KRX55BB475,Tape & Reel,0.104,0.624,3.12,0,1,https://octopart.com/click/track?c=1&ai=8237&sig=0a88227&sid=2401&ppid=71498076&vpid=448426933&ct=offers,
3,GRM155R60J225KE95D,Murata,GRM155R60J225KE95D,https://octopart.com/grm155r60j225ke95d-murata-18911042,C106,,Capacitor. Surface Mount,15,490-12532-1-ND,81-GRM155R60J225KE5D,Cut Tape,Tape & Reel,0.086,0.086,806713,410525,1,1,https://octopart.com/click/track?ai=8237&sig=0a1eab1&sid=459&ppid=18911042&vpid=242051461&ct=offers,https://octopart.com/click/track?ai=8237&sig=0a98ff4&sid=2401&ppid=18911042&vpid=222363926&ct=offers,element14 APAC,1845730,,0.0522748005274601,0.1568244015823803,0.7841220079119015,0,10,https://octopart.com/click/track?c=1&ai=8237&sig=011178f&sid=11744&ppid=18911042&vpid=582267439&ct=offers,
18,CC0402KRX5R5BB104,Yageo,CC0402KRX5R5BB104,https://octopart.com/cc0402krx5r5bb104-yageo-9292468,C107. C108. C109. C110. C111. C112. C113. C114. C202. C215. C216. C217,,Capacitor. Surface Mount,90,311-3340-1-ND,603-CC402KRX5R5BB104,Cut Tape,Tape & Reel,0.037,0.027,244657,50290,1,1,https://octopart.com/click/track?ai=8237&sig=0dcbd41&sid=459&ppid=9292468&vpid=418658173&ct=offers,https://octopart.com/click/track?ai=8237&sig=05943c0&sid=2401&ppid=9292468&vpid=107511088&ct=offers,Arrow Electronics,CC0402KRX5R5BB104,Cut Tape,0.0137,0.2466,1.233,20000,1,https://octopart.com/click/track?ai=8237&sig=0293cbb&sid=1106&ppid=9292468&vpid=486422394&ct=offers,
3,C0603C104K3RACTU,KEMET,C0603C104K3RACTU,https://octopart.com/c0603c104k3ractu-kemet-127541,C201,,Capacitor. Surface Mount,15,399-1281-1-ND,80-C0603C104K3R,Cut Tape,Tape & Reel,0.1,0.048,1888000,3622821,1,1,https://octopart.com/click/track?ai=8237&sig=04b1547&sid=459&ppid=127541&vpid=1242220&ct=offers,https://octopart.com/click/track?ai=8237&sig=02bd4a4&sid=2401&ppid=127541&vpid=44736921&ct=offers,Newark,64K2837,Cut Tape,0.016,0.048,0.24,14911,1,https://octopart.com/click/track?ai=8237&sig=016c702&sid=2402&ppid=127541&vpid=16452302&ct=offers,
3,C0805C106K9RACTU,KEMET,C0805C106K9RACTU,https://octopart.com/c0805c106k9ractu-kemet-22577611,C203,,Capacitor. Surface Mount,15,399-7412-1-ND,80-C0805C106K9R,Cut Tape,Tape & Reel,0.354,0.333,36325,5503,1,1,https://octopart.com/click/track?ai=8237&sig=0085e0a&sid=459&ppid=22577611&vpid=50104141&ct=offers,https://octopart.com/click/track?ai=8237&sig=00a0e74&sid=2401&ppid=22577611&vpid=48462147&ct=offers,TME,C0805C106K9RACTU,,0.1935,0.5805,2.9025,1120,10,https://octopart.com/click/track?ai=8237&sig=0f35d51&sid=1532&ppid=22577611&vpid=555037528&ct=offers,
3,CC0100KRX5R5BB103,Yageo,CC0100KRX5R5BB103,https://octopart.com/cc0100krx5r5bb103-yageo-52644135,C204,,Capacitor. Surface Mount,15,311-1574-1-ND,603-CC100KRX5R5BB103,Cut Tape,Tape & Reel,0.13,0.093,62239,25695,1,1,https://octopart.com/click/track?ai=8237&sig=0154505&sid=459&ppid=52644135&vpid=193845799&ct=offers,https://octopart.com/click/track?ai=8237&sig=08f3997&sid=2401&ppid=52644135&vpid=262563452&ct=offers,Arrow Electronics,CC0100KRX5R5BB103,Cut Tape,0.0884,0.2652,1.326,19000,1,https://octopart.com/click/track?ai=8237&sig=034d576&sid=1106&ppid=52644135&vpid=492217395&ct=offers,
5,CC0402MRX5R4BB106,Yageo,CC0402MRX5R4BB106,https://octopart.com/cc0402mrx5r4bb106-yageo-70904266,C205. C207,,Capacitor. Surface Mount,25,311-3410-1-ND,603-CC0402MR4BB106,Cut Tape,Tape & Reel,0.3,0.3,18170,9357,1,1,https://octopart.com/click/track?ai=8237&sig=00ac834&sid=459&ppid=70904266&vpid=421485658&ct=offers,https://octopart.com/click/track?ai=8237&sig=09b1e55&sid=2401&ppid=70904266&vpid=449074046&ct=offers,Digi-Key,311-3410-1-ND,Cut Tape,0.3,1.5,7.5,18170,1,https://octopart.com/click/track?ai=8237&sig=00ac834&sid=459&ppid=70904266&vpid=421485658&ct=offers,
3,CC0402KRX5R5BB474,Yageo,CC0402KRX5R5BB474,https://octopart.com/cc0402krx5r5bb474-yageo-8699539,C206,,Capacitor. Surface Mount,15,311-1684-1-ND,603-CC402KRX5R5BB474,Cut Tape,Tape & Reel,0.064,0.047,98223,275041,1,1,https://octopart.com/click/track?ai=8237&sig=0469e23&sid=459&ppid=8699539&vpid=193846139&ct=offers,https://octopart.com/click/track?ai=8237&sig=070c83d&sid=2401&ppid=8699539&vpid=181217473&ct=offers,Mouser,603-CC402KRX5R5BB474,Tape & Reel,0.047,0.14100000000000001,0.705,275041,1,https://octopart.com/click/track?ai=8237&sig=070c83d&sid=2401&ppid=8699539&vpid=181217473&ct=offers,
3,C0805C225K8RACTU,KEMET,C0805C225K8RACTU,https://octopart.com/c0805c225k8ractu-kemet-123103,C209,,Capacitor. Surface Mount,15,399-3522-1-ND,80-C0805C225K8R,Cut Tape,Tape & Reel,0.162,0.141,738886,51195,1,1,https://octopart.com/click/track?ai=8237&sig=0466712&sid=459&ppid=123103&vpid=1581545&ct=offers,https://octopart.com/click/track?ai=8237&sig=07dfb66&sid=2401&ppid=123103&vpid=37733072&ct=offers,Chip One Stop Japan,C1S408400104870,Tape & Reel,0.0489,0.1467,0.7335,79,1,https://octopart.com/click/track?ai=8237&sig=0def3ed&sid=13512&ppid=123103&vpid=278361137&ct=offers,
3,C0805C226K9PAC7800,KEMET,C0805C226K9PACTU,https://octopart.com/c0805c226k9pactu-kemet-51237990,C211,,Capacitor. Surface Mount,15,399-11661-1-ND,80-C0805C226K9PACTU,Cut Tape,Tape & Reel,0.318,0.347,21857,3909,1,1,https://octopart.com/click/track?ai=8237&sig=03887ec&sid=459&ppid=51237990&vpid=171844403&ct=offers,https://octopart.com/click/track?ai=8237&sig=061bfff&sid=2401&ppid=51237990&vpid=174855338&ct=offers,Digi-Key,399-11661-1-ND,Cut Tape,0.318,0.954,4.7700000000000005,21857,1,https://octopart.com/click/track?ai=8237&sig=03887ec&sid=459&ppid=51237990&vpid=171844403&ct=offers,
8,CC0402KRX5R5BB105,Yageo,CC0402KRX5R5BB105,https://octopart.com/cc0402krx5r5bb105-yageo-42244618,C212. C213. C214,,Capacitor. Surface Mount,40,311-1438-1-ND,603-CC402KRX5R5BB105,Cut Tape,Tape & Reel,0.047,0.049,40990390,456113,1,1,https://octopart.com/click/track?ai=8237&sig=0011293&sid=459&ppid=42244618&vpid=115263357&ct=offers,https://octopart.com/click/track?ai=8237&sig=07602ad&sid=2401&ppid=42244618&vpid=115540536&ct=offers,Newark,68R4627,Cut Tape,0.023,0.184,0.9199999999999999,9860,1,https://octopart.com/click/track?ai=8237&sig=002140d&sid=2402&ppid=42244618&vpid=115423412&ct=offers,
2,S2B-PH-K-S(LF)(SN),JST,S2B-PH-K-S(LF)(SN),https://octopart.com/s2b-ph-k-s%28lf%29%28sn%29-jst-248883,CN201,,JST 2-Pin Connectors of various flavors,10,455-1719-ND,,Bulk,,0.161,,66701,,1,,https://octopart.com/click/track?ai=8237&sig=0abad96&sid=459&ppid=248883&vpid=1189416&ct=offers,,LCSC,C173752,,0.0359,0.0718,0.359,170,10,https://octopart.com/click/track?ai=8237&sig=06292a8&sid=27971&ppid=248883&vpid=494564426&ct=offers,
1,S2B-PH-K-S(LF)(SN),JST,S2B-PH-K-S(LF)(SN),https://octopart.com/s2b-ph-k-s%28lf%29%28sn%29-jst-248883,CN202,,JST 2-Pin Connectors of various flavors,5,455-1719-ND,,Bulk,,0.17,,66701,,1,,https://octopart.com/click/track?ai=8237&sig=0abad96&sid=459&ppid=248883&vpid=1189416&ct=offers,,Voyager Components,S2B-PH-K-S(LF)(SN)-JST-N/A,,0.04254,0.04254,0.2127,50,1,https://octopart.com/click/track?ai=8237&sig=09ace14&sid=2424&ppid=248883&vpid=590627666&ct=offers,
2,MBR120VLSFT3G,ON Semiconductor,MBR120VLSFT3G,https://octopart.com/mbr120vlsft3g-on+semiconductor-710497,D201,,Diode,10,MBR120VLSFT3GOSCT-ND,863-MBR120VLSFT3G,Cut Tape,Tape & Reel,0.321,0.294,101926,112205,1,1,https://octopart.com/click/track?ai=8237&sig=020e606&sid=459&ppid=710497&vpid=52500238&ct=offers,https://octopart.com/click/track?ai=8237&sig=029d1a4&sid=2401&ppid=710497&vpid=39050370&ct=offers,Newark,81Y6505,Cut Tape,0.234,0.468,2.3400000000000003,16062,1,https://octopart.com/click/track?ai=8237&sig=0ea6e80&sid=2402&ppid=710497&vpid=260422846&ct=offers,
2,MF-MSMF050-2,Bourns,MF-MSMF050-2,https://octopart.com/mf-msmf050-2-bourns-28047,F201,,PTC fuses. resettable thermistors,10,MF-MSMF050-2CT-ND,652-MF-MSMF050-2,Cut Tape,Tape & Reel,0.444,0.323,107974,18001,1,1,https://octopart.com/click/track?ai=8237&sig=0f2ac7d&sid=459&ppid=28047&vpid=1626218&ct=offers,https://octopart.com/click/track?ai=8237&sig=0d7e792&sid=2401&ppid=28047&vpid=37643688&ct=offers,LCSC,C17313,,0.034,0.068,0.34,8570,10,https://octopart.com/click/track?ai=8237&sig=038664d&sid=27971&ppid=28047&vpid=445981878&ct=offers,
2,FTSH-105-01-F-DV-K-TR,Samtec,FTSH-105-01-F-DV,https://octopart.com/ftsh-105-01-f-dv-samtec-10460082,J101,,Cortex Debug Connector - 10 pin,10,SAM8795-ND,200-FTSH10501FDV,Tube,Tube,1.338,1.31,3290,274,1,1,https://octopart.com/click/track?ai=8237&sig=0652b6a&sid=459&ppid=10460082&vpid=225542637&ct=offers,https://octopart.com/click/track?ai=8237&sig=00fa254&sid=2401&ppid=10460082&vpid=493090991&ct=offers,Arrow Electronics,FTSH-105-01-F-DV,,0.788,1.576,7.880000000000001,25790,1,https://octopart.com/click/track?ai=8237&sig=0a04290&sid=1106&ppid=10460082&vpid=549115566&ct=offers,
2,DM3AT-SF-PEJM5,Hirose,DM3AT-SF-PEJM5,https://octopart.com/dm3at-sf-pejm5-hirose-19676590,J103,,DM3 Series 8 Position Right Angle SMT Push Push Ejection MicroSD Card Connector,10,HR1964CT-ND,798-DM3AT-SF-PEJM5,Cut Tape,Tape & Reel,2.561,2.32,8769,0,1,1,https://octopart.com/click/track?ai=8237&sig=0f53880&sid=459&ppid=19676590&vpid=36151875&ct=offers,https://octopart.com/click/track?c=1&ai=8237&sig=0bb95df&sid=2401&ppid=19676590&vpid=39222150&ct=offers,LCSC,C114218,,0.5712,1.1424,5.712000000000001,629,1,https://octopart.com/click/track?ai=8237&sig=07e0642&sid=27971&ppid=19676590&vpid=476992199&ct=offers,
2,ZX62D-AB-5P8(30),Hirose,ZX62D-AB-5P8(30),https://octopart.com/zx62d-ab-5p8%2830%29-hirose-71503900,J201,,,10,H125271CT-ND,798-ZX62D-AB-5P830,Cut Tape,Tape & Reel,0.813,0.696,14748,8295,1,1,https://octopart.com/click/track?ai=8237&sig=0d5174e&sid=459&ppid=71503900&vpid=257238756&ct=offers,https://octopart.com/click/track?ai=8237&sig=02d3764&sid=2401&ppid=71503900&vpid=263154126&ct=offers,Chip One Stop Japan,C1S312300681400,,0.65,1.3,6.5,1731,5,https://octopart.com/click/track?ai=8237&sig=02df29b&sid=13512&ppid=71503900&vpid=419776641&ct=offers,
1,TSW-110-14-L-S,Samtec,TSW-110-14-L-S,https://octopart.com/tsw-110-14-l-s-samtec-273503,J202,,JUMPER,5,SAM1055-10-ND,200-TSW11014LS,Bulk,,0.84,0.97,547,1519,1,1,https://octopart.com/click/track?ai=8237&sig=0786e05&sid=459&ppid=273503&vpid=1555674&ct=offers,https://octopart.com/click/track?ai=8237&sig=09d4f4c&sid=2401&ppid=273503&vpid=493300826&ct=offers,Toby Electronics,TSW-110-14-L-S,,0.4378655855679503,0.4378655855679503,2.1893279278397513,50,1,https://octopart.com/click/track?ai=8237&sig=09fa3c4&sid=13240&ppid=273503&vpid=502831684&ct=offers,
1,TSW-110-14-L-S,Samtec,TSW-110-14-L-S,https://octopart.com/tsw-110-14-l-s-samtec-273503,J203,,JUMPER,5,SAM1055-10-ND,200-TSW11014LS,Bulk,,0.84,0.97,547,1519,1,1,https://octopart.com/click/track?ai=8237&sig=0786e05&sid=459&ppid=273503&vpid=1555674&ct=offers,https://octopart.com/click/track?ai=8237&sig=09d4f4c&sid=2401&ppid=273503&vpid=493300826&ct=offers,Toby Electronics,TSW-110-14-L-S,,0.4378655855679503,0.4378655855679503,2.1893279278397513,50,1,https://octopart.com/click/track?ai=8237&sig=09fa3c4&sid=13240&ppid=273503&vpid=502831684&ct=offers,
1,TSW-110-14-L-S,Samtec,TSW-110-14-L-S,https://octopart.com/tsw-110-14-l-s-samtec-273503,J204,,JUMPER,5,SAM1055-10-ND,200-TSW11014LS,Bulk,,0.84,0.97,547,1519,1,1,https://octopart.com/click/track?ai=8237&sig=0786e05&sid=459&ppid=273503&vpid=1555674&ct=offers,https://octopart.com/click/track?ai=8237&sig=09d4f4c&sid=2401&ppid=273503&vpid=493300826&ct=offers,Toby Electronics,TSW-110-14-L-S,,0.4378655855679503,0.4378655855679503,2.1893279278397513,50,1,https://octopart.com/click/track?ai=8237&sig=09fa3c4&sid=13240&ppid=273503&vpid=502831684&ct=offers,
1,TSW-110-14-L-S,Samtec,TSW-110-14-L-S,https://octopart.com/tsw-110-14-l-s-samtec-273503,J205,,JUMPER,5,SAM1055-10-ND,200-TSW11014LS,Bulk,,0.84,0.97,547,1519,1,1,https://octopart.com/click/track?ai=8237&sig=0786e05&sid=459&ppid=273503&vpid=1555674&ct=offers,https://octopart.com/click/track?ai=8237&sig=09d4f4c&sid=2401&ppid=273503&vpid=493300826&ct=offers,Toby Electronics,TSW-110-14-L-S,,0.4378655855679503,0.4378655855679503,2.1893279278397513,50,1,https://octopart.com/click/track?ai=8237&sig=09fa3c4&sid=13240&ppid=273503&vpid=502831684&ct=offers,
5,TSW-110-14-L-S,Samtec,TSW-110-14-L-S,https://octopart.com/tsw-110-14-l-s-samtec-273503,JP401. JP402. JP403. JP404. JP405,,,25,SAM1055-10-ND,200-TSW11014LS,Bulk,,0.6912,0.808,547,1519,1,1,https://octopart.com/click/track?ai=8237&sig=0786e05&sid=459&ppid=273503&vpid=1555674&ct=offers,https://octopart.com/click/track?ai=8237&sig=09d4f4c&sid=2401&ppid=273503&vpid=493300826&ct=offers,Toby Electronics,TSW-110-14-L-S,,0.4378655855679503,2.1893279278397513,10.946639639198757,50,1,https://octopart.com/click/track?ai=8237&sig=09fa3c4&sid=13240&ppid=273503&vpid=502831684&ct=offers,
3,VLCF5028T-100M1R0-2,TDK,VLCF5028T-100M1R0-2,https://octopart.com/vlcf5028t-100m1r0-2-tdk-19036994,L201,,TDK VLC-series shielded power inductors,15,445-6554-1-ND,810-VLCF528T100M1R02,Cut Tape,Tape & Reel,1.308,1.05,319,1702,1,1,https://octopart.com/click/track?ai=8237&sig=06fbb0a&sid=459&ppid=19036994&vpid=34217833&ct=offers,https://octopart.com/click/track?ai=8237&sig=0d939fc&sid=2401&ppid=19036994&vpid=44565431&ct=offers,LCSC,C114792,,0.2152,0.6456,3.228,678,1,https://octopart.com/click/track?ai=8237&sig=0e59070&sid=27971&ppid=19036994&vpid=448096351&ct=offers,
3,MLZ2012A3R3WT000,TDK,MLZ2012A3R3WT000,https://octopart.com/mlz2012a3r3wt000-tdk-34829259,L202,,Inductors,15,445-6394-1-ND,810-MLZ2012A3R3WT000,Cut Tape,Tape & Reel,0.129,0.097,7391,8628,1,1,https://octopart.com/click/track?ai=8237&sig=02216c4&sid=459&ppid=34829259&vpid=104706576&ct=offers,https://octopart.com/click/track?ai=8237&sig=09baf5c&sid=2401&ppid=34829259&vpid=210395335&ct=offers,Mouser,810-MLZ2012A3R3WT000,Tape & Reel,0.097,0.29100000000000004,1.455,8628,1,https://octopart.com/click/track?ai=8237&sig=09baf5c&sid=2401&ppid=34829259&vpid=210395335&ct=offers,
15,RC0603JR-070RL,Yageo,RC0603JR-070RL,https://octopart.com/rc0603jr-070rl-yageo-1241539,R101. R106. R301. R302. R303. R304. R307. R309,,0Ω resistor,75,311-0.0GRCT-ND,603-RC0603JR-070RL,Cut Tape,Tape & Reel,0.01,0.015,38533838,9801932,1,1,https://octopart.com/click/track?ai=8237&sig=0c106d9&sid=459&ppid=1241539&vpid=115263549&ct=offers,https://octopart.com/click/track?ai=8237&sig=079fa20&sid=2401&ppid=1241539&vpid=115233278&ct=offers,Newark,68R0136,Cut Tape,0.003,0.045,0.22499999999999998,3140,1,https://octopart.com/click/track?ai=8237&sig=0a02c27&sid=2402&ppid=1241539&vpid=115424221&ct=offers,
11,RC0402JR-07100KL,Yageo,RC0402JR-07100KL,https://octopart.com/rc0402jr-07100kl-yageo-40254877,R102. R103. R104. R105. R111. R202. R204,,Resistor. Surface Mount,55,311-100KJRCT-ND,603-RC0402JR-07100KL,Cut Tape,Tape & Reel,0.013,0.01,12505163,1973162,1,1,https://octopart.com/click/track?ai=8237&sig=0083233&sid=459&ppid=40254877&vpid=119671117&ct=offers,https://octopart.com/click/track?ai=8237&sig=0dccddb&sid=2401&ppid=40254877&vpid=114830341&ct=offers,Newark,67R9967,Cut Tape,0.002,0.022,0.11,28845,1,https://octopart.com/click/track?ai=8237&sig=0d70710&sid=2402&ppid=40254877&vpid=115423963&ct=offers,
5,CRCW04024K70JNED,Vishay,CRCW04024K70JNED,https://octopart.com/crcw04024k70jned-vishay-39815921,R107. R108,,Resistor. Surface Mount,25,541-4.7KJCT-ND,71-CRCW0402J-4.7K-E3,Cut Tape,Tape & Reel,0.032,0.032,340288,157012,1,1,https://octopart.com/click/track?ai=8237&sig=0288a41&sid=459&ppid=39815921&vpid=114978026&ct=offers,https://octopart.com/click/track?ai=8237&sig=078e6ff&sid=2401&ppid=39815921&vpid=115000846&ct=offers,Newark,59M6733,Cut Tape,0.004,0.02,0.1,9931,1,https://octopart.com/click/track?ai=8237&sig=01acfcc&sid=2402&ppid=39815921&vpid=115414913&ct=offers,
3,RC0402JR-07510KL,Yageo,RC0402JR-07510KL,https://octopart.com/rc0402jr-07510kl-yageo-9293435,R109,,Resistor. Surface Mount,15,YAG3305CT-ND,603-RC0402JR-07510KL,Cut Tape,Tape & Reel,0.013,0.01,246734,32306,1,1,https://octopart.com/click/track?ai=8237&sig=0d53794&sid=459&ppid=9293435&vpid=211684010&ct=offers,https://octopart.com/click/track?ai=8237&sig=01111b9&sid=2401&ppid=9293435&vpid=57612301&ct=offers,Arrow Electronics,RC0402JR-07510KL,Cut Tape,0.0095,0.028499999999999998,0.14250000000000002,9100,1,https://octopart.com/click/track?ai=8237&sig=0b46ceb&sid=1106&ppid=9293435&vpid=473549790&ct=offers,
5,RC0402FR-0739RL,Yageo,RC0402FR-0739RL,https://octopart.com/rc0402fr-0739rl-yageo-39817195,R110. R112,,Resistor. Surface Mount,25,311-39.0LRCT-ND,603-RC0402FR-0739RL,Cut Tape,Tape & Reel,0.016,0.012,1917191,139720,1,1,https://octopart.com/click/track?ai=8237&sig=0b800c0&sid=459&ppid=39817195&vpid=114982585&ct=offers,https://octopart.com/click/track?ai=8237&sig=0686fe5&sid=2401&ppid=39817195&vpid=174191290&ct=offers,Newark,98K7547,Cut Tape,0.009,0.045,0.22499999999999998,58400,10,https://octopart.com/click/track?ai=8237&sig=032a8f4&sid=2402&ppid=39817195&vpid=115423885&ct=offers,
3,RC0402JR-07270KL,Yageo,RC0402JR-07270KL,https://octopart.com/rc0402jr-07270kl-yageo-39805741,R201,,Resistor. Surface Mount,15,311-270KJRCT-ND,603-RC0402JR-07270KL,Cut Tape,Tape & Reel,0.013,0.01,16342,49979,1,1,https://octopart.com/click/track?ai=8237&sig=0ccbfb7&sid=459&ppid=39805741&vpid=116186500&ct=offers,https://octopart.com/click/track?ai=8237&sig=025b46b&sid=2401&ppid=39805741&vpid=165627650&ct=offers,Arrow Electronics,RC0402JR-07270KL,Cut Tape,0.0095,0.028499999999999998,0.14250000000000002,16647,1,https://octopart.com/click/track?ai=8237&sig=0481275&sid=1106&ppid=39805741&vpid=486427898&ct=offers,
3,RC0402JR-072KL,Yageo,RC0402JR-072KL,https://octopart.com/rc0402jr-072kl-yageo-40952679,R203,,Resistor. Surface Mount,15,311-2.0KJRCT-ND,603-RC0402JR-072KL,Cut Tape,Tape & Reel,0.013,0.01,987519,308462,1,1,https://octopart.com/click/track?ai=8237&sig=08c3572&sid=459&ppid=40952679&vpid=114982728&ct=offers,https://octopart.com/click/track?ai=8237&sig=03b6f78&sid=2401&ppid=40952679&vpid=121772729&ct=offers,Newark,67R9979,Cut Tape,0.001,0.003,0.015,3842,1,https://octopart.com/click/track?ai=8237&sig=01c48c5&sid=2402&ppid=40952679&vpid=115424006&ct=offers,
6,CG0603MLC-05E,Bourns,CG0603MLC-05E,https://octopart.com/cg0603mlc-05e-bourns-747702,R205. R207. R208,,VARISTOR,30,CG0603MLC-05ECT-ND,652-CG0603MLC-05E,Cut Tape,Tape & Reel,0.2944,0.21,125174,49773,1,1,https://octopart.com/click/track?ai=8237&sig=0f8b52d&sid=459&ppid=747702&vpid=50630285&ct=offers,https://octopart.com/click/track?ai=8237&sig=0e44a6d&sid=2401&ppid=747702&vpid=37657490&ct=offers,Voyager Components,CG0603MLC-05E-BOURNS-N/A,,0.068,0.40800000000000003,2.04,3013,1,https://octopart.com/click/track?ai=8237&sig=0f9b20f&sid=2424&ppid=747702&vpid=590600563&ct=offers,
8,RC0402JR-0710KL,Yageo,RC0402JR-0710KL,https://octopart.com/rc0402jr-0710kl-yageo-55458470,R206. R209. R305. R311,,Resistor. Surface Mount,40,311-10KJRCT-ND,603-RC0402JR-0710KL,Cut Tape,Tape & Reel,0.013,0.01,30843597,6441329,1,1,https://octopart.com/click/track?ai=8237&sig=0d63bdf&sid=459&ppid=55458470&vpid=188128825&ct=offers,https://octopart.com/click/track?ai=8237&sig=04568be&sid=2401&ppid=55458470&vpid=189431761&ct=offers,Newark,67R9964,Cut Tape,0.002,0.016,0.08,53163,1,https://octopart.com/click/track?ai=8237&sig=030dac9&sid=2402&ppid=55458470&vpid=190899740&ct=offers,
3,CRCW06031R33FKEA,Vishay,CRCW06031R33FKEA,https://octopart.com/crcw06031r33fkea-vishay-42465968,R210,,Resistor. Surface Mount,15,541-1.33HHCT-ND,71-CRCW06031R33FKEA,Cut Tape,Tape & Reel,0.044,0.044,19840,15424,1,1,https://octopart.com/click/track?ai=8237&sig=0d385b1&sid=459&ppid=42465968&vpid=115224834&ct=offers,https://octopart.com/click/track?ai=8237&sig=06277e3&sid=2401&ppid=42465968&vpid=116516353&ct=offers,Arrow Electronics,CRCW06031R33FKEA,Cut Tape,0.0399,0.1197,0.5984999999999999,14197,1,https://octopart.com/click/track?ai=8237&sig=0621d64&sid=1106&ppid=42465968&vpid=473523277&ct=offers,
8,RCA06031R00FKEA,Vishay,RCA06031R00FKEA,https://octopart.com/rca06031r00fkea-vishay-57465915,R211. R212,,Resistor. Surface Mount,40,541-2193-1-ND,71-RCA06031R00FKEA,Cut Tape,Tape & Reel,0.101,0.6,4904,0,1,1,https://octopart.com/click/track?ai=8237&sig=0bc9bda&sid=459&ppid=57465915&vpid=132060759&ct=offers,https://octopart.com/click/track?c=1&ai=8237&sig=00880d6&sid=2401&ppid=57465915&vpid=588150456&ct=offers,Arrow Electronics,RCA06031R00FKEA,Cut Tape,0.094,0.752,3.76,13860,1,https://octopart.com/click/track?ai=8237&sig=04bbefe&sid=1106&ppid=57465915&vpid=473533890&ct=offers,
3,RL0603FR-070R5L,Yageo,RL0603FR-070R5L,https://octopart.com/rl0603fr-070r5l-yageo-9289791,R213,,Resistor. Surface Mount,15,311-.5QCT-ND,603-RL0603FR070R5L,Cut Tape,Tape & Reel,0.236,0.197,109634,30238,1,1,https://octopart.com/click/track?ai=8237&sig=0c9d78f&sid=459&ppid=9289791&vpid=76929844&ct=offers,https://octopart.com/click/track?ai=8237&sig=01066de&sid=2401&ppid=9289791&vpid=48733999&ct=offers,Mouser,603-RL0603FR070R5L,Tape & Reel,0.197,0.591,2.955,30238,1,https://octopart.com/click/track?ai=8237&sig=01066de&sid=2401&ppid=9289791&vpid=48733999&ct=offers,
3,COM-08720,SparkFun,COM-08720,https://octopart.com/com-08720-sparkfun-76381384,S101. S102,,Momentary Switch (Pushbutton) - SPST,15,,474-COM-08720,,,,0.95,,1718,,1,,https://octopart.com/click/track?ai=8237&sig=0636a7b&sid=2401&ppid=76381384&vpid=460594026&ct=offers,Mouser,474-COM-08720,,0.95,2.8499999999999996,14.25,1718,1,https://octopart.com/click/track?ai=8237&sig=0636a7b&sid=2401&ppid=76381384&vpid=460594026&ct=offers,
1,COM-10860,SparkFun,COM-10860,https://octopart.com/com-10860-sparkfun-76381536,S201,,Single Pole. Double Throw (SPDT) Switch,5,,474-COM-10860,,,,0.95,,513,,1,,https://octopart.com/click/track?ai=8237&sig=05be02a&sid=2401&ppid=76381536&vpid=460594057&ct=offers,Mouser,474-COM-10860,,0.95,0.95,4.75,513,1,https://octopart.com/click/track?ai=8237&sig=05be02a&sid=2401&ppid=76381536&vpid=460594057&ct=offers,
2,ATSAMG55J19A-AU,Microchip,ATSAMG55J19A-AU,https://octopart.com/atsamg55j19a-au-microchip-77761676,U101,,MCU 32-bit SAM G ARM Cortex M4 RISC 512KB Flash 1.8V/2.5V/3.3V 64-Pin LQFP Tray,10,ATSAMG55J19A-AU-ND,556-ATSAMG55J19A-AU,Tray,Tray,4.07,4.13,206,261,1,1,https://octopart.com/click/track?ai=8237&sig=0b25176&sid=459&ppid=77761676&vpid=408719264&ct=offers,https://octopart.com/click/track?ai=8237&sig=08c650c&sid=2401&ppid=77761676&vpid=408979192&ct=offers,Onlinecomponents.com,ATSAMG55J19A-AU,Bulk,3.37,6.74,33.7,238,8,https://octopart.com/click/track?ai=8237&sig=060dd9a&sid=2429&ppid=77761676&vpid=477151029&ct=offers,
2,MCP738712CCIML,Microchip,MCP73871-2CCI/ML,https://octopart.com/mcp73871-2cci%2Fml-microchip-8315796,U201,,,10,MCP73871-2CCI/ML-ND,579-MCP73871-2CCI/ML,Tube,Tube,1.79,1.32,5077,7961,1,1,https://octopart.com/click/track?ai=8237&sig=0071b2c&sid=459&ppid=8315796&vpid=33802128&ct=offers,https://octopart.com/click/track?ai=8237&sig=00830a3&sid=2401&ppid=8315796&vpid=37842465&ct=offers,Mouser,579-MCP73871-2CCI/ML,Tube,1.32,2.64,13.200000000000001,7961,1,https://octopart.com/click/track?ai=8237&sig=00830a3&sid=2401&ppid=8315796&vpid=37842465&ct=offers,
2,MAX17262REWL+T,Maxim Integrated,MAX17262REWL+T,https://octopart.com/max17262rewl%2Bt-maxim+integrated-95660648,U202,,5.2 uA 1-Cell Fuel Gauge with ModelGauge m5 EZ and Internal Current Sensing,10,175-MAX17262REWL+TCT-ND,700-MAX17262REWL+T,Cut Tape,Tape & Reel,1.72,2.25,0,1393,1,1,https://octopart.com/click/track?c=1&ai=8237&sig=0654666&sid=459&ppid=95660648&vpid=580094131&ct=offers,https://octopart.com/click/track?ai=8237&sig=0511a15&sid=2401&ppid=95660648&vpid=530148428&ct=offers,Digi-Key,175-MAX17262REWL+TCT-ND,Cut Tape,1.72,3.44,17.2,0,1,https://octopart.com/click/track?c=1&ai=8237&sig=0654666&sid=459&ppid=95660648&vpid=580094131&ct=offers,
2,LTC3624EDD3.3#PBF,Analog Devices / Linear Technology,LTC3624EDD-3.3#PBF,https://octopart.com/ltc3624edd-3.3%23pbf-analog+devices+%2F+linear+technology-47643840,U203,,17V. 2A Synchronous Step-Down Regulator with 3.5µA Quiescent Current,10,LTC3624EDD-3.3#PBF-ND,584-C3624EDD-3.3PBF,Tube,Tube,7.14,7.13,265,0,1,1,https://octopart.com/click/track?ai=8237&sig=09d10bc&sid=459&ppid=47643840&vpid=260145565&ct=offers,https://octopart.com/click/track?c=1&ai=8237&sig=07802f7&sid=2401&ppid=47643840&vpid=460729825&ct=offers,Farnell,2434688,,3.129451096853292,6.258902193706584,31.29451096853292,0,1,https://octopart.com/click/track?c=1&ai=8237&sig=0e24cf4&sid=819&ppid=47643840&vpid=138989794&ct=offers,
8,MIC94162YCS-TR,Microchip,MIC94162YCS-TR,https://octopart.com/mic94162ycs-tr-microchip-66803819,U204. U205. U206,,MICREL 3A HIGH-SIDE LOAD SWITCH WITH REVERSE BLOCKING,40,576-4508-1-ND,998-MIC94162YCSTR,Cut Tape,Tape & Reel,0.36,0.37,3975,4271,1,1,https://octopart.com/click/track?ai=8237&sig=0a1cc8e&sid=459&ppid=66803819&vpid=240154846&ct=offers,https://octopart.com/click/track?ai=8237&sig=0dfff7d&sid=2401&ppid=66803819&vpid=241197359&ct=offers,Digi-Key,576-4508-1-ND,Cut Tape,0.36,2.88,14.399999999999999,3975,1,https://octopart.com/click/track?ai=8237&sig=0a1cc8e&sid=459&ppid=66803819&vpid=240154846&ct=offers,
2,SX1502I087TRT,Semtech,SX1502I087TRT,https://octopart.com/sx1502i087trt-semtech-8145853,U303,,4/8/16 Channel Low Voltage GPIO with NINT and NRESET,10,SX1502I087CT-ND,947-SX1502I087TRT,Cut Tape,Tape & Reel,1.215,1.17,2063,3691,1,1,https://octopart.com/click/track?ai=8237&sig=0f83c0e&sid=459&ppid=8145853&vpid=34059033&ct=offers,https://octopart.com/click/track?ai=8237&sig=07b8997&sid=2401&ppid=8145853&vpid=231855640&ct=offers,Newark,23AH8949,Cut Tape,1.05,2.1,10.5,3000,1,https://octopart.com/click/track?ai=8237&sig=0b0978a&sid=2402&ppid=8145853&vpid=575064865&ct=offers,
2,ABLS2-20.000MHZ-D4Y-T,Abracon,ABLS2-20.000MHZ-D4Y-T,https://octopart.com/abls2-20.000mhz-d4y-t-abracon-9563497,Y101,,Crystal 20MHz Ø¢Â±30ppm (Tol) Ø¢Â±30ppm (Stability) 18pF FUND 40Ohm 2-Pin HC-49/US SMD T/R,10,535-9879-1-ND,815-ABLS2-20-D4Y-T,Cut Tape,Tape & Reel,0.385,0.365,16400,1666,1,1,https://octopart.com/click/track?ai=8237&sig=059f822&sid=459&ppid=9563497&vpid=34208688&ct=offers,https://octopart.com/click/track?ai=8237&sig=0523994&sid=2401&ppid=9563497&vpid=37747900&ct=offers,Mouser,815-ABLS2-20-D4Y-T,Tape & Reel,0.365,0.73,3.65,1666,1,https://octopart.com/click/track?ai=8237&sig=0523994&sid=2401&ppid=9563497&vpid=37747900&ct=offers,
2,ABS06-32.768KHZ-9-1-T,Abracon,ABS06-32.768KHZ-9-1-T,https://octopart.com/abs06-32.768khz-9-1-t-abracon-12757700,Y102,,ABS06 Series 32.768 kHz ±10 ppm 9 pF -40 to +85 °C SMT Low Profile Crystal.,10,535-10247-1-ND,815-ABS06-32.7K-9-T,Cut Tape,Tape & Reel,0.784,1.08,18909,2544,1,1,https://octopart.com/click/track?ai=8237&sig=0c0eddf&sid=459&ppid=12757700&vpid=34207115&ct=offers,https://octopart.com/click/track?ai=8237&sig=071987a&sid=2401&ppid=12757700&vpid=37827018&ct=offers,Digi-Key,535-10247-1-ND,Cut Tape,0.784,1.568,7.84,18909,1,https://octopart.com/click/track?ai=8237&sig=0c0eddf&sid=459&ppid=12757700&vpid=34207115&ct=offers,
