"Qty";"Value";"Device";"Package";"Parts";"Description";"2ND_HARMONICDBC";"3RD_HARMONICDBC";"ACL_MIN_STABLE_GAINVV";"AVAILABILITY";"BOM";"BUILT_BY";"BW__ACLMHZ";"CENTROID_NOT_SPECIFIED";"CIIVA_IDS";"CODE__JEDEC";"COLOR";"COMPONENT_LINK_1_DESCRIPTION";"COMPONENT_LINK_1_URL";"COMPONENT_LINK_3_DESCRIPTION";"COMPONENT_LINK_3_URL";"COPYRIGHT";"DATASHEET";"DATASHEET_URL";"DATASHEET_VERSION";"DESCRIPTION";"DIFF_GAIN";"DIFF_PHASEDEG";"DIGI-KEY_PART_NUMBER";"DIGI-KEY_PURCHASE_URL";"DIGIKEY";"DIGIKEY_DESCRIPTION";"DIGIKEY_PART_NUMBER";"FAMILY_NAME";"FOOTPRINT_VARIANT_NAME_0";"FOOTPRINT_VARIANT_NAME_1";"FOOTPRINT_VARIANT_NAME_2";"GENERIC_PART_NUMBER";"IIB_MAXN_A";"IMPORTED";"IMPORTED_FROM";"IMPORT_TS";"INDUSTRY_STD_PKG_TYPE";"IO_TYPM_A";"IQ_PER_CHANNELMAXMA";"LEAD_FREE";"MANUFACTURER";"MANUFACTURER_PART_NUMBER";"MF";"MFG_PACKAGE_IDENT";"MHZ";"MOUNTING_TECHNOLOGY";"MOUSER_PART_NUMBER";"MP";"MPN";"NUMBER_OF_CHANNELS";"NUM_PINS";"OCTOPART_PART_NUMBER";"PACKAGE";"PACKAGE_DESCRIPTION";"PACKAGE_DESIGNATOR";"PACKAGE_VERSION";"PARTNUMBER";"PART_NO";"PART_NUMBER";"PIN_COUNT";"POLARITY";"POPULARITY";"PREFIX";"PRICE";"PROD_ID";"QUENCH";"RAIL__RAIL";"RELEASE_DATE";"ROHS";"SETTLING_TIME_01TYPNS";"SF_SKU";"SLEW_RATETYPVUS";"SOFTSTART";"SOURCELIBRARY";"SPICEPREFIX";"SUB_FAMILY";"TC";"TEMPERATURE_RANGE_HIGH";"TEMPERATURE_RANGE_LOW";"THD_FC_IS_1_MHZTYPDB";"TOL";"TP_SIGNAL_NAME";"VALUE";"VAULT_GUID";"VAULT_REVISION";"VENDOR";"VIO_MAXM_V";"VN_AT_FLATBANDTYPNVRTHZ";"VOLTAGE";"VS_MAX_V";"VS_MIN_V";
"1";"";"J-HEADER-1X12";"1X12_ROUND";"JP1";"";"";"";"";"";"";"";"";"";"";"";"";"";"";"";"";"";"";"";"";"";"";"";"";"";"";"";"";"";"";"";"";"";"";"";"";"";"";"";"";"";"";"";"";"";"";"";"";"TSW-112-07-T-S";"TSW-112-07-T-S";"";"";"";"";"";"";"";"";"TSW-112-07-T-S";"";"";"";"";"";"";"";"";"";"";"";"";"";"";"";"";"";"";"";"";"";"";"";"";"";"";"";"";"";"";"";"";"";
"2";"";"LEDCHIPLED_0603";"CHIPLED_0603";"HUB.HS, PG";"LED";"";"";"";"";"";"";"";"";"";"";"Green";"";"";"";"";"";"";"";"";"";"";"";"";"";"";"";"";"";"";"";"";"";"";"";"";"";"";"";"";"";"";"";"";"";"";"";"";"LT Q39G-Q1OO-25-1";"LT Q39G-Q1OO-25-1";"";"";"";"";"";"";"";"";"LT Q39G-Q1OO-25-1";"";"";"";"";"";"";"";"";"";"";"";"";"";"";"";"";"";"";"";"";"";"";"";"";"";"";"";"";"";"";"";"";"";
"1";"";"LEDCHIPLED_0603";"CHIPLED_0603";"HUB.SUSP";"LED";"";"";"";"";"";"";"";"";"";"";"Orange";"";"";"";"";"";"";"";"";"";"";"";"";"";"";"";"";"";"";"";"";"";"";"";"";"";"";"";"";"";"";"";"";"";"";"";"";"150060RS75000";"150060RS75000";"";"";"";"";"";"";"";"";"150060RS75000";"";"";"";"";"";"";"";"";"";"";"";"";"";"";"";"";"";"";"";"";"";"";"";"";"";"";"";"";"";"";"";"";"";
"1";"";"LEDCHIPLED_0603";"CHIPLED_0603";"LOW_BAT";"LED";"";"";"";"";"";"";"";"";"";"";"Orange";"";"";"";"";"";"";"";"";"";"";"";"";"";"";"";"";"";"";"";"";"";"";"";"";"";"";"";"";"";"";"";"";"";"";"";"";"LO Q976-PS-25-0-20-R18";"LO Q976-PS-25-0-20-R18";"";"";"";"";"";"";"";"";"LO Q976-PS-25-0-20-R18";"";"";"";"";"";"";"";"";"";"";"";"";"";"";"";"";"";"";"";"";"";"";"";"";"";"";"";"";"";"";"";"";"";
"1";"";"LEDCHIPLED_0603";"CHIPLED_0603";"STAT2";"LED";"";"";"";"";"";"";"";"";"";"";"Yellow";"";"";"";"";"";"";"";"";"";"";"";"";"";"";"";"";"";"";"";"";"";"";"";"";"";"";"";"";"";"";"";"";"";"";"";"";"LY Q396-P1Q2-36";"LY Q396-P1Q2-36";"";"";"";"";"";"";"";"";"LY Q396-P1Q2-36";"";"";"";"";"";"";"";"";"";"";"";"";"";"";"";"";"";"";"";"";"";"";"";"";"";"";"";"";"";"";"";"";"";
"1";"";"SLIDESWITCH-SPDT-SMD-RIGHT-ANGLE";"SWITCH_SPST_SMD_A";"S201";"Single Pole, Double Throw (SPDT) Switch";"";"";"";"";"";"";"";"";"";"";"";"";"";"";"";"";"";"";"";"";"";"";"";"";"";"";"";"";"";"";"";"";"";"";"";"";"";"";"";"";"Nidec Copal Electronics";"";"";"";"";"";"";"";"CUS-12TB";"";"";"";"";"";"";"";"";"CUS-12TB";"";"";"";"";"";"";"";"";"";"";"";"";"";"";"";"";"";"";"";"";"";"";"";"";"";"";"";"";"";"";"";"";"";
"1";"0";"R-2010";"R2010";"R.GND";"Resistor, Surface Mount";"";"";"";"";"";"";"";"";"";"";"";"";"";"";"";"";"";"";"";"";"";"";"";"";"";"";"";"";"";"";"";"";"";"";"";"";"";"";"";"";"";"";"";"";"";"";"";"";"ERJ-S1D0R00U";"";"";"";"";"";"";"";"";"ERJ-S1D0R00U";"";"";"";"";"";"";"";"";"";"";"";"";"";"";"";"";"";"";"";"";"";"";"";"";"";"";"";"";"";"";"";"";"";
"4";"0.1u";"C-0402";"C0402";"C6, C7, C10, C13";"Capacitor, Surface Mount";"";"";"";"";"";"";"";"";"";"";"";"";"";"";"";"";"";"";"";"";"";"";"";"";"";"";"";"";"";"";"";"";"";"";"";"";"";"";"";"";"Kemet";"";"";"";"";"";"";"";"C0402C104K4RAC7411";"";"";"";"";"";"";"";"";"C0402C104K4RAC7411";"";"";"";"";"";"";"";"";"";"";"";"";"";"";"";"";"";"";"X7R";"";"";"";"0.5pF";"";"";"";"";"";"";"";"10V";"";"";
"35";"0.1u";"C-0402";"C0402";"C3, C4, C5, C8, C9, C11, C12, C14, C15, C16, C21, C22, C29, C30, C31, C32, C33, C34, C35, C36, C37, C38, C39, C40, C41, C42, C43, C44, C45, C48, C49, C50, C51, C52, C53";"Capacitor, Surface Mount";"";"";"";"";"";"";"";"";"";"";"";"";"";"";"";"";"";"";"";"";"";"";"";"";"";"";"";"";"";"";"";"";"";"";"";"";"";"";"";"";"Kemet";"";"";"";"";"";"";"";"C0402C104K8RACTU";"";"";"";"";"";"";"";"";"C0402C104K8RACTU";"";"";"";"";"";"";"";"";"";"";"";"";"";"";"";"";"";"";"X7R";"";"";"";"10%";"";"";"";"";"";"";"";"10V";"";"";
"1";"1.15k";"R-0402";"R0402";"R6";"Resistor, Surface Mount";"";"";"";"";"";"";"";"";"";"";"";"";"";"";"";"";"";"";"";"";"";"";"";"";"";"";"";"";"";"";"";"";"";"";"";"";"";"";"";"";"Panasonic";"";"";"";"";"";"";"";"ERJ-2RKF1151X";"";"";"";"";"";"";"";"";"ERJ-2RKF1151X";"";"";"";"";"";"";"";"";"";"";"";"";"";"";"";"";"";"";"";"";"";"";"1%";"";"";"";"";"";"";"";"";"";"";
"2";"1.5k";"R-0402";"R0402";"R2, R3";"Resistor, Surface Mount";"";"";"";"";"";"";"";"";"";"";"";"";"";"";"";"";"";"";"";"";"";"";"";"";"";"";"";"";"";"";"";"";"";"";"";"";"";"";"";"";"Panasonic";"";"";"";"";"";"";"";"ERJ-2GEJ152X";"";"";"";"";"";"";"";"";"ERJ-2GEJ152X";"";"";"";"";"";"";"";"";"";"";"";"";"";"";"";"";"";"";"";"";"";"";"5%";"";"";"";"";"";"";"";"";"";"";
"6";"100k";"R-0402";"R0402";"R7, R46, R47, R49, R202, R204";"Resistor, Surface Mount";"";"";"";"";"";"";"";"";"";"";"";"";"";"";"";"";"";"";"";"";"";"";"";"";"";"";"";"";"";"";"";"";"";"";"";"";"";"";"";"";"Panasonic";"";"";"";"";"";"";"";"ERJ-2GEJ104X";"";"";"";"";"";"";"";"";"ERJ-2GEJ104X";"";"";"";"";"";"";"";"";"";"";"";"";"";"";"";"";"";"";"";"";"";"";"5%";"";"";"";"";"";"";"";"";"";"";
"4";"100k";"R-0402";"R0402";"R18, R27, R34, R54";"Resistor, Surface Mount";"";"";"";"";"";"";"";"";"";"";"";"";"";"";"";"";"";"";"";"";"";"";"";"";"";"";"";"";"";"";"";"";"";"";"";"";"";"";"";"";"Panasonic";"";"";"";"";"";"";"";"ERJ-2RKF1003X";"";"";"";"";"";"";"";"";"ERJ-2RKF1003X";"";"";"";"";"";"";"";"";"";"";"";"";"";"";"";"";"";"";"";"";"";"";"1%";"";"";"";"";"";"";"";"";"";"";
"2";"100k";"R-0402";"R0402";"R8, R41";"Resistor, Surface Mount";"";"";"";"";"";"";"";"";"";"";"";"";"";"";"";"";"";"";"";"";"";"";"";"";"";"";"";"";"";"";"";"";"";"";"";"";"";"";"";"";"Panasonic";"";"";"";"";"";"";"";"RC0402JR-07100KL";"";"";"";"";"";"";"";"";"RC0402JR-07100KL";"";"";"";"";"";"";"";"";"";"";"";"";"";"";"";"";"";"";"";"";"";"";"5%";"";"";"";"";"";"";"";"";"";"";
"4";"10k";"R-0402";"R0402";"R19, R28, R35, R55";"Resistor, Surface Mount";"";"";"";"";"";"";"";"";"";"";"";"";"";"";"";"";"";"";"";"";"";"";"";"";"";"";"";"";"";"";"";"";"";"";"";"";"";"";"";"";"Panasonic";"";"";"";"";"";"";"";"ERA-2AEB103X";"";"";"";"";"";"";"";"";"ERA-2AEB103X";"";"";"";"";"";"";"";"";"";"";"";"";"";"";"";"";"";"";"";"";"";"";"0.1%";"";"";"";"";"";"";"";"";"";"";
"4";"10k";"R-0402";"R0402";"R17, R26, R33, R53";"Resistor, Surface Mount";"";"";"";"";"";"";"";"";"";"";"";"";"";"";"";"";"";"";"";"";"";"";"";"";"";"";"";"";"";"";"";"";"";"";"";"";"";"";"";"";"Panasonic";"";"";"";"";"";"";"";"ERA-2AEB103X";"";"";"";"";"";"";"";"";"ERA-2AEB103X";"";"";"";"";"";"";"";"";"";"";"";"";"";"";"";"";"R";"";"";"";"";"";"0.1%";"";"";"";"";"";"";"";"";"";"";
"1";"10k";"R-0402";"R0402";"R206";"Resistor, Surface Mount";"";"";"";"";"";"";"";"";"";"";"";"";"";"";"";"";"";"";"";"";"";"";"";"";"";"";"";"";"";"";"";"";"";"";"";"";"";"";"";"";"Panasonic";"";"";"";"";"";"";"";"ERJ-2GEJ103X";"";"";"";"";"";"";"";"";"ERJ-2GEJ103X";"";"";"";"";"";"";"";"";"";"";"";"";"";"";"";"";"";"";"";"";"";"";"5%";"";"";"";"";"";"";"";"";"";"";
"4";"10k";"R-0402";"R0402";"R21, R30, R37, R57";"Resistor, Surface Mount";"";"";"";"";"";"";"";"";"";"";"";"";"";"";"";"";"";"";"";"";"";"";"";"";"";"";"";"";"";"";"";"";"";"";"";"";"";"";"";"";"Panasonic";"";"";"";"";"";"";"";"ERJ-2RKF1002X";"";"";"";"";"";"";"";"";"ERJ-2RKF1002X";"";"";"";"";"";"";"";"";"";"";"";"";"";"";"";"";"";"";"";"";"";"";"1%";"";"";"";"";"";"";"";"";"";"";
"1";"10n";"C-0402";"C0402";"C28";"Capacitor, Surface Mount";"";"";"";"";"";"";"";"";"";"";"";"";"";"";"";"";"";"";"";"";"";"";"";"";"";"";"";"";"";"";"";"";"";"";"";"";"";"";"";"";"Kemet";"";"";"";"";"";"";"";"C0402C103K8RACTU";"";"";"";"";"";"";"";"";"C0402C103K8RACTU";"";"";"";"";"";"";"";"";"";"";"";"";"";"";"";"";"";"";"X7R";"";"";"";"10%";"";"";"";"";"";"";"";"6.3V";"";"";
"1";"10pF";"C-0603";"C0603";"C108";"Capacitor, Surface Mount";"";"";"";"";"";"";"";"";"";"";"";"";"";"";"";"";"";"";"";"";"";"";"";"";"";"";"";"";"";"";"";"";"";"";"";"";"";"";"";"";"Kemet";"";"";"";"";"";"";"";"C0603C100K8RAC7867";"";"";"";"";"";"";"";"";"C0603C100K8RAC7867";"";"";"";"";"";"";"";"";"";"";"";"";"";"";"";"";"";"";"X7R";"";"";"";"10%";"";"";"";"";"";"";"";"6.3V";"";"";
"2";"10u";"C-0805";"C0805";"C1, C2";"Capacitor, Surface Mount";"";"";"";"";"";"";"";"";"";"";"";"";"";"";"";"";"";"";"";"";"";"";"";"";"";"";"";"";"";"";"";"";"";"";"";"";"";"";"";"";"Kemet";"";"";"";"";"";"";"";"C0805C106M8RACTU";"";"";"";"";"";"";"";"";"C0805C106M8RACTU";"";"";"";"";"";"";"";"";"";"";"";"";"";"";"";"";"";"";"X7R";"";"";"";"10%";"";"";"";"";"";"";"";"10V";"";"";
"1";"12MHz-12pF-K7";"0396_12MHZ-12PF-K7";"CRYSTAL-3.2-2.5";"Y102";"Crystal";"";"";"";"";"";"";"";"";"";"";"";"";"";"";"";"";"";"";"";"";"";"";"";"";"";"";"";"";"";"";"";"";"";"";"";"";"";"";"";"";"Abracon";"";"";"";"";"";"";"";"ABM8G-12.000MHZ-4Y-T3";"";"";"";"";"";"";"";"";"ABM8G-12.000MHZ-4Y-T3";"";"";"";"";"";"";"";"";"";"";"";"";"";"";"";"";"";"";"";"";"";"";"";"";"12mHz-12pF-K7";"";"";"";"";"";"";"";"";
"1";"12k";"R-0402";"R0402";"R48";"Resistor, Surface Mount";"";"";"";"";"";"";"";"";"";"";"";"";"";"";"";"";"";"";"";"";"";"";"";"";"";"";"";"";"";"";"";"";"";"";"";"";"";"";"";"";"Panasonic";"";"";"";"";"";"";"";"ERJ-2RKF1202X";"";"";"";"";"";"";"";"";"ERJ-2RKF1202X";"";"";"";"";"";"";"";"";"";"";"";"";"";"";"";"";"";"";"";"";"";"";"1%";"";"";"";"";"";"";"";"";"";"";
"4";"16pF";"C-0603";"C0603";"C17, C19, C103, C107";"Capacitor, Surface Mount";"";"";"";"";"";"";"";"";"";"";"";"";"";"";"";"";"";"";"";"";"";"";"";"";"";"";"";"";"";"";"";"";"";"";"";"";"";"";"";"";"Kemet";"";"";"";"";"";"";"";"C0603C160J5GACTU";"";"";"";"";"";"";"";"";"C0603C160J5GACTU";"";"";"";"";"";"";"";"";"";"";"";"";"";"";"";"";"";"";"X7R";"";"";"";"10%";"";"";"";"";"";"";"";"6.3V";"";"";
"2";"18pF";"C-0402";"C0402";"C55, C56";"Capacitor, Surface Mount";"";"";"";"";"";"";"";"";"";"";"";"";"";"";"";"";"";"";"";"";"";"";"";"";"";"";"";"";"";"";"";"";"";"";"";"";"";"";"";"";"Kemet";"";"";"";"";"";"";"";"C0402C180J8GAC7867";"";"";"";"";"";"";"";"";"C0402C180J8GAC7867";"";"";"";"";"";"";"";"";"";"";"";"";"";"";"";"";"";"";"X7R";"";"";"";"10%";"";"";"";"";"";"";"";"6.3V";"";"";
"1";"1u";"C-0402";"C0402";"C57";"Capacitor, Surface Mount";"";"";"";"";"";"";"";"";"";"";"";"";"";"";"";"";"";"";"";"";"";"";"";"";"";"";"";"";"";"";"";"";"";"";"";"";"";"";"";"";"Kemet";"";"";"";"";"";"";"";"";"";"";"";"";"";"";"";"";"C0402C105M8PACTU";"";"";"";"";"";"";"";"";"";"";"";"";"";"";"";"";"";"";"X5R";"";"";"";"10%";"";"";"";"";"";"";"";"10V";"";"";
"1";"1u";"C-0402";"C0402";"C47";"Capacitor, Surface Mount";"";"";"";"";"";"";"";"";"";"";"";"";"";"";"";"";"";"";"";"";"";"";"";"";"";"";"";"";"";"";"";"";"";"";"";"";"";"";"";"";"Kemet";"";"";"";"";"";"";"";"C0402C105K8PACTU";"";"";"";"";"";"";"";"";"C0402C105K8PACTU";"";"";"";"";"";"";"";"";"";"";"";"";"";"";"";"";"";"";"X7R";"";"";"";"10%";"";"";"";"";"";"";"";"10V";"";"";
"1";"2.2uF";"C-0603";"C0603";"C46";"Capacitor, Surface Mount";"";"";"";"";"";"";"";"";"";"";"";"";"";"";"";"";"";"";"";"";"";"";"";"";"";"";"";"";"";"";"";"";"";"";"";"";"";"";"";"";"Kemet";"";"";"";"";"";"";"";"C0603C225K8RACTU";"";"";"";"";"";"";"";"";"C0603C225K8RACTU";"";"";"";"";"";"";"";"";"";"";"";"";"";"";"";"";"";"";"X7R";"";"";"";"10%";"";"";"";"";"";"";"";"6.3V";"";"";
"6";"22u";"C-0805";"C0805";"C23, C24, C25, C26, C27, C205";"Capacitor, Surface Mount";"";"";"";"";"";"";"";"";"";"";"";"";"";"";"";"";"";"";"";"";"";"";"";"";"";"";"";"";"";"";"";"";"";"";"";"";"";"";"";"";"Kemet";"";"";"";"";"";"";"";"C0805C226M8PAC7800";"";"";"";"";"";"";"";"";"C0805C226M8PAC7800";"";"";"";"";"";"";"";"";"";"";"";"";"";"";"";"";"";"";"X5R";"";"";"";"10%";"";"";"";"";"";"";"";"10V";"";"";
"4";"249k";"R-0402";"R0402";"R16, R24, R25, R40";"Resistor, Surface Mount";"";"";"";"";"";"";"";"";"";"";"";"";"";"";"";"";"";"";"";"";"";"";"";"";"";"";"";"";"";"";"";"";"";"";"";"";"";"";"";"";"Panasonic";"";"";"";"";"";"";"";"ERA-2AEB2491X";"";"";"";"";"";"";"";"";"ERA-2AEB2491X";"";"";"";"";"";"";"";"";"";"";"";"";"";"";"";"";"";"";"";"";"";"";"0,1%";"";"";"";"";"";"";"";"";"";"";
"4";"249k";"R-0402";"R0402";"R20, R29, R36, R56";"Resistor, Surface Mount";"";"";"";"";"";"";"";"";"";"";"";"";"";"";"";"";"";"";"";"";"";"";"";"";"";"";"";"";"";"";"";"";"";"";"";"";"";"";"";"";"Panasonic";"";"";"";"";"";"";"";"ERA-2AEB2491X";"";"";"";"";"";"";"";"";"ERA-2AEB2491X";"";"";"";"";"";"";"";"";"";"";"";"";"";"";"";"";"";"";"";"";"";"";"0.1%";"";"";"";"";"";"";"";"";"";"";
"1";"270";"R-0402";"R0402";"R10";"Resistor, Surface Mount";"";"";"";"";"";"";"";"";"";"";"";"";"";"";"";"";"";"";"";"";"";"";"";"";"";"";"";"";"";"";"";"";"";"";"";"";"";"";"";"";"Panasonic";"";"";"";"";"";"";"";"ERJ-2GEJ271X";"";"";"";"";"";"";"";"";"ERJ-2GEJ271X";"";"";"";"";"";"";"";"";"";"";"";"";"";"";"";"";"";"";"";"";"";"";"5%";"";"";"";"";"";"";"";"";"";"";
"1";"270k";"R-0402";"R0402";"R201";"Resistor, Surface Mount";"";"";"";"";"";"";"";"";"";"";"";"";"";"";"";"";"";"";"";"";"";"";"";"";"";"";"";"";"";"";"";"";"";"";"";"";"";"";"";"";"Panasonic";"";"";"";"";"";"";"";"ERJ-2GEJ274X";"";"";"";"";"";"";"";"";"ERJ-2GEJ274X";"";"";"";"";"";"";"";"";"";"";"";"";"";"";"";"";"";"";"";"";"";"";"5%";"";"";"";"";"";"";"";"";"";"";
"4";"2N7002P";"2N7002P";"SOT23-3_2N7002P";"Q4, Q6, Q8, Q10";"Nexperia/NXP N-channel Trench MOSFET";"";"";"";"";"";"";"";"";"";"";"";"";"";"";"";"";"https://upverter.com/datasheet/fb14709cfa772e514417e9088b71c82dd430e406.pdf";"";"";"";"";"";"";"";"";"TRANS ";"";"";"";"";"";"";"";"";"octopart";"";"";"";"";"yes";"";"";"NXP";"TO-236AB";"";"";"";"";"2N7002P";"";"3";"9df555e57fce4232";"SOT23-3";"";"";"";"";"2N7002P";"";"";"N-Channel";"";"Q";"";"";"";"";"";"yes";"";"";"";"";"";"";"";"";"+150°C";"-55°C";"";"";"";"";"";"";"";"";"";"";"";"";
"1";"2k";"R-0402";"R0402";"R203";"Resistor, Surface Mount";"";"";"";"";"";"";"";"";"";"";"";"";"";"";"";"";"";"";"";"";"";"";"";"";"";"";"";"";"";"";"";"";"";"";"";"";"";"";"";"";"Panasonic";"";"";"";"";"";"";"";"ERJ-2GEJ202X";"";"";"";"";"";"";"";"";"ERJ-2GEJ202X";"";"";"";"";"";"";"";"";"";"";"";"";"";"";"";"";"";"";"";"";"";"";"5%";"";"";"";"";"";"";"";"";"";"";
"1";"3.3µH/±20%/450mA";"INDUCTOR-0805-3.3UH";"0805";"L1";"Inductors";"";"";"";"";"";"";"";"";"";"";"";"";"";"";"";"";"";"";"";"";"";"";"";"";"";"";"";"";"";"";"";"";"";"";"";"";"";"";"";"";"";"";"";"";"";"";"";"MLZ2012A3R3WT000";"MLZ2012A3R3WT000";"";"";"";"";"";"";"";"";"MLZ2012A3R3WT000";"";"";"";"";"";"";"NDUC-13076";"";"";"";"";"";"";"";"";"";"";"";"";"";"";"";"";"";"3.3µH/±20%/450mA";"";"";"";"";"";"";"";"";
"1";"32.768kHz";"CRYSTAL3.2X1.5MM";"CRYSTAL-SMD-3.2X1.5MM";"Y101";"Crystal";"";"";"";"";"";"";"";"";"";"";"";"";"";"";"";"";"";"";"";"";"";"";"";"";"";"";"";"";"";"";"";"";"";"";"";"";"";"";"";"";"ECS Inc.";"";"";"";"";"";"";"";"ECS-.327-12.5-34B-TR";"";"";"";"";"";"";"";"";"ECS-.327-12.5-34B-TR";"";"";"";"";"";"";"";"";"";"";"";"";"";"";"";"";"";"";"";"";"";"";"";"";"";"";"";"";"";"";"";"";"";
"1";"39";"R-0402";"R0402";"R101";"Resistor, Surface Mount";"";"";"";"";"";"";"";"";"";"";"";"";"";"";"";"";"";"";"";"";"";"";"";"";"";"";"";"";"";"";"";"";"";"";"";"";"";"";"";"";"Panasonic";"";"";"";"";"";"";"";"ERJ-2GEJ390X";"";"";"";"";"";"";"";"";"ERJ-2GEJ390X ";"";"";"";"";"";"";"";"";"";"";"";"";"";"";"";"";"";"";"";"";"";"";"5%";"";"";"";"";"";"";"";"";"";"";
"1";"39";"R-0402";"R0402";"R102";"Resistor, Surface Mount";"";"";"";"";"";"";"";"";"";"";"";"";"";"";"";"";"";"";"";"";"";"";"";"";"";"";"";"";"";"";"";"";"";"";"";"";"";"";"";"";"Panasonic";"";"";"";"";"";"";"";"ERJ-2GEJ390X";"";"";"";"";"";"";"";"";"ERJ-2GEJ390X";"";"";"";"";"";"";"";"";"";"";"";"";"";"";"";"";"";"";"";"";"";"";"5%";"";"";"";"";"";"";"";"";"";"";
"2";"4.7k";"R-0402";"R0402";"R4, R5";"Resistor, Surface Mount";"";"";"";"";"";"";"";"";"";"";"";"";"";"";"";"";"";"";"";"";"";"";"";"";"";"";"";"";"";"";"";"";"";"";"";"";"";"";"";"";"Panasonic";"";"";"";"";"";"";"";"ERJ-2GEJ472X";"";"";"";"";"";"";"";"";"ERJ-2GEJ472X";"";"";"";"";"";"";"";"";"";"";"";"";"";"";"";"";"";"";"";"";"";"";"5%";"";"";"";"";"";"";"";"";"";"";
"3";"4.7u";"C-0603";"C0603";"C18, C54, C208";"Capacitor, Surface Mount";"";"";"";"";"";"";"";"";"";"";"";"";"";"";"";"";"";"";"";"";"";"";"";"";"";"";"";"";"";"";"";"";"";"";"";"";"";"";"";"";"Kemet";"";"";"";"";"";"";"";"C0603C475M8PACTU";"";"";"";"";"";"";"";"";"C0603C475M8PACTU";"";"";"";"";"";"";"";"";"";"";"";"";"";"";"";"";"";"";"X5R";"";"";"";"10%";"";"";"";"";"";"";"";"6.3V";"";"";
"1";"47u";"C-1206";"C1206";"C.PHAT";"Capacitor, Surface Mount";"";"";"";"";"";"";"";"";"";"";"";"";"";"";"";"";"";"";"";"";"";"";"";"";"";"";"";"";"";"";"";"";"";"";"";"";"";"";"";"";"Kemet";"";"";"";"";"";"";"";"C1206C476M8PACTU";"";"";"";"";"";"";"";"";"C1206C476M8PACTU";"";"";"";"";"";"";"";"";"";"";"";"";"";"";"";"";"";"";"X5R";"";"";"";"20%";"";"";"";"";"";"";"";"10V";"";"";
"8";"5.1";"R-0603";"R0603";"R22, R23, R31, R32, R38, R39, R58, R59";"Resistor, Surface Mount";"";"";"";"";"";"";"";"";"";"";"";"";"";"";"";"";"";"";"";"";"";"";"";"";"";"";"";"";"";"";"";"";"";"";"";"";"";"";"";"";"Panasonic";"";"";"";"";"";"";"";"ERJ-3BQF5R1V";"";"";"";"";"";"";"";"";"ERJ-3BQF5R1V";"";"";"";"";"";"";"";"";"";"";"";"";"";"";"";"";"";"";"";"";"";"";"1%";"";"";"";"";"";"";"";"";"";"";
"2";"5.1k";"R-0603";"R0603";"R42, R43";"Resistor, Surface Mount";"";"";"";"";"";"";"";"";"";"";"";"";"";"";"";"";"";"";"";"";"";"";"";"";"";"";"";"";"";"";"";"";"";"";"";"";"";"";"";"";"Panasonic";"";"";"";"";"";"";"";"ERJ-3EKF5101V";"";"";"";"";"";"";"";"";"ERJ-3EKF5101V";"";"";"";"";"";"";"";"";"";"";"";"";"";"";"";"";"";"";"";"";"";"";"5%";"";"";"";"";"";"";"";"";"";"";
"1";"51k";"R-0402";"R0402";"R1";"Resistor, Surface Mount";"";"";"";"";"";"";"";"";"";"";"";"";"";"";"";"";"";"";"";"";"";"";"";"";"";"";"";"";"";"";"";"";"";"";"";"";"";"";"";"";"Panasonic";"";"";"";"";"";"";"";"ERJ-2GEJ513X";"";"";"";"";"";"";"";"";"ERJ-2GEJ513X";"";"";"";"";"";"";"";"";"";"";"";"";"";"";"";"";"";"";"";"";"";"";"5%";"";"";"";"";"";"";"";"";"";"";
"1";"6.8k";"R-0402";"R0402";"R103";"Resistor, Surface Mount";"";"";"";"";"";"";"";"";"";"";"";"";"";"";"";"";"";"";"";"";"";"";"";"";"";"";"";"";"";"";"";"";"";"";"";"";"";"";"";"";"Panasonic";"";"";"";"";"";"";"";"ERJ-2GEJ682X";"";"";"";"";"";"";"";"";"ERJ-2GEJ682X";"";"";"";"";"";"";"";"";"";"";"";"";"";"";"";"";"";"";"";"";"";"";"5%";"";"";"";"";"";"";"";"";"";"";
"1";"750";"R-0402";"R0402";"R9";"Resistor, Surface Mount";"";"";"";"";"";"";"";"";"";"";"";"";"";"";"";"";"";"";"";"";"";"";"";"";"";"";"";"";"";"";"";"";"";"";"";"";"";"";"";"";"Panasonic";"";"";"";"";"";"";"";"ERJ-U02J751X";"";"";"";"";"";"";"";"";"ERJ-U02J751X";"";"";"";"";"";"";"";"";"";"";"";"";"";"";"";"";"";"";"";"";"";"";"5%";"";"";"";"";"";"";"";"";"";"";
"1";"AP2120N-3.3TRG1";"AP2120N";"SOT23-3_AP2120N";"U1";"";"";"";"";"";"";"";"";"";"";"";"";"";"";"";"";"";"";"";"";"";"";"";"";"";"";"";"";"";"";"";"";"";"";"";"";"";"";"";"";"";"";"";"";"";"";"";"";"";"AP2120N-3.3TRG1";"";"";"";"";"";"";"";"";"AP2120N-3.3TRG1";"";"";"";"";"";"";"";"";"";"";"";"";"";"";"";"";"";"";"";"";"";"";"";"";"";"";"";"";"";"";"";"";"";
"1";"ATSAM3X8EA-AU";"ATSAM3X8EAAU";"LQFP144";"U.IP";"ATSAM3X8EA ARM-based Flash MCU";"";"";"";"";"";"";"";"";"";"";"";"";"";"";"";"";"";"";"";"";"";"";"";"";"";"";"";"";"";"";"";"";"";"";"";"";"";"";"";"";"Atmel";"";"";"";"";"";"";"ATSAM3X8EAAU";"ATSAM3X8EAAU";"";"";"";"";"";"";"";"";"ATSAM3X8EAAU";"";"";"";"";"";"";"";"";"";"";"";"";"";"";"";"";"";"";"";"";"";"";"";"";"";"";"";"";"";"";"";"";"";
"1";"DAC7574IDGS";"DAC7574IDGS";"DGS10";"U11";"TI DAC7574, Quad, 12-bit digital-to-analog converter with I2C interface";"";"";"";"";"";"";"";"";"";"";"";"";"";"";"";"";"";"http://www.ti.com/lit/gpn/DAC7574";"";"12-Bit Quad Voltage Output Digital-to-Analog Converter w/ I2C Interface";"";"";"";"";"";"";"";"PRECISION DAC (=<10MSPS)";"";"";"";"DAC7574";"";"";"";"";"MSOP";"";"";"";"Texas Instruments";"DAC7574IDGS";"";"";"";"";"";"";"DAC7574IDGS";"";"";"";"";"";"DGS";"";"";"DAC7574IDGS";"";"10";"";"";"";"";"";"";"";"";"";"";"";"";"";"";"";"";"";"";"";"";"";"";"";"";"";"Texas Instruments";"";"";"";"";"";
"1";"EPSON_TSX-3225_24.0000MF10Z-C3";"EPSON_TSX-3225_24.0000MF10Z-C3";"XTAL_EPSON_TSX3225";"Y1";"";"";"";"";"";"";"EMA_Matt";"";"";"";"";"";"";"";"";"";"Copyright (C) 2018 Accelerated Designs. All rights reserved";"";"";"";"";"";"";"";"";"";"";"";"";"";"";"";"";"";"";"";"";"";"";"";"";"";"TSX-3225 24.0000MF10Z-C3";"";"";"";"";"";"";"TSX-3225 24.0000MF10Z-C3";"";"";"";"";"";"";"";"";"TSX-3225 24.0000MF10Z-C3";"";"";"";"";"";"";"";"";"";"";"";"";"";"";"";"";"";"";"";"";"";"";"";"";"";"";"";"Epson";"";"";"";"";"";
"1";"ESD122DMYR";"ESD122DMYR";"DMY0003A";"U3";"ESD Protection Diode Pair";"";"";"";"";"";"";"";"";"";"";"";"";"";"";"";"";"";"";"";"";"";"";"";"";"";"";"";"";"";"";"";"";"";"";"";"";"";"";"";"";"Texas Instruments";"";"";"";"";"";"";"ESD122DMYR";"ESD122DMYR";"";"";"";"";"";"";"";"ESD122DMYR";"ESD122DMYR";"";"";"";"";"";"";"";"";"";"";"";"";"";"";"";"";"";"";"";"";"";"";"";"";"";"";"";"";"";"";"";"";"";
"4";"FDN340P";"FDN340P";"SOT23-3_FDN340P";"Q3, Q5, Q7, Q9";"ON Semi SINGLE P-CHANNEL, LOGIC LEVEL, POWERTRENCH MOSFET";"";"";"";"";"";"";"";"No";"";"";"";"";"";"";"";"";"https://www.fairchildsemi.com/datasheets/FD/FDN340P.pdf";"";"";"";"";"";"";"";"";"TRANS MOSFET P-CH 20V 2A SSOT3";"FDN340PCT-ND";"";"";"";"";"";"";"";"";"";"";"";"";"yes";"";"";"ON Semi";"";"";"";"512-FDN340P";"";"FDN340P";"";"";"";"SuperSOT-3";"";"";"";"";"FDN340P";"";"";"";"";"Q";"";"";"";"";"";"yes";"";"";"";"";"";"";"";"";"+150°C";"-55°C";"";"";"";"";"";"";"";"";"";"";"";"";
"1";"HIROSE-DF40_50-PIN_CONNECTORS-HEADER";"HIROSE-DF40_50-PIN_CONNECTORS-HEADER";"HRS_DF40C-50DP-0.4V(51)";"J3";"Hirose DF40 series 50-pin mezzanine type connectors at 0.4mm pitch.";"";"";"";"";"";"";"";"";"";"";"";"";"";"";"";"";"";"";"";"";"";"";"";"";"";"";"";"";"";"";"";"";"";"";"";"";"";"";"";"";"";"";"";"";"";"";"";"DF40C-50DP-0.4V(51)";"DF40C-50DP-0.4V(51)";"";"";"";"";"";"";"";"";"DF40C-50DP-0.4V(51)";"";"";"";"";"";"";"";"";"";"";"";"";"";"";"";"";"";"";"";"";"";"";"";"";"";"";"";"";"";"";"";"";"";
"4";"INA225AIDGK";"INA225AIDGK";"DGK-MSOP8_INA225";"U5, U7, U9, U14";"Texas Instruments INA335AIDGK Differential Amplifier with 4-option programmable gain";"";"";"";"";"";"EMA_UL_Team";"";"";"";"";"";"";"";"";"";"";"";"";"";"";"";"";"";"";"";"";"";"";"";"";"";"";"";"";"";"";"";"";"";"";"";"INA225AIDGKT";"";"";"";"";"";"";"INA225AIDGKT";"";"";"";"";"";"";"";"";"INA225AIDGKT";"";"";"";"";"";"";"";"";"";"";"";"";"";"";"";"";"";"";"";"";"";"";"";"";"";"";"";"Texas Instruments";"";"";"";"";"";
"1";"J-JTAG-CORTEX_SMD";"J-JTAG-CORTEX_SMD";"SAMTECH_FTSH-105-01";"J1";"Cortex Debug Connector - 10 pin";"";"";"";"";"";"";"";"";"";"";"";"";"";"";"";"";"";"";"";"";"";"";"";"";"";"";"";"";"";"";"";"";"";"";"";"";"";"";"";"";"Samtech Inc.";"";"";"";"";"";"";"";"FTSH-105-01-L-DV-K-TR";"";"";"";"";"";"";"";"";"FTSH-105-01-L-DV-K-TR";"";"";"";"";"";"";"";"";"";"";"";"";"";"";"";"";"";"";"";"";"";"";"";"";"";"";"";"";"";"";"";"";"";
"1";"J-SERIAL-PORT";"J-SERIAL-PORT";"HEADER-1X6";"J.FTDI";"Arduino-style serial port connector";"";"";"";"";"";"";"";"";"";"";"";"";"";"";"";"";"";"";"";"Console";"";"";"";"";"2057-PH1-06-UA-ND";"";"";"";"";"";"";"";"";"";"";"";"";"";"";"";"Adam Tech";"";"";"";"";"";"";"";"PH1-06-UA";"";"";"";"";"";"";"";"";"PH1-06-UA";"";"";"";"";"";"";"";"";"";"";"";"";"";"";"";"";"";"";"";"";"";"";"";"";"";"";"";"";"";"";"";"";"";
"1";"J-WURTH-USBC";"J-WURTH-USBC";"632723X00011";"J5";"USB 3.1 Type C Receptacle SMT";"";"";"";"Unavailable";"";"";"";"";"";"";"";"";"";"";"";"";"";"";"";" USB - C _Type - C_ USB 3.1 _USB 3.1 Gen 2, Superspeed+_ Receptacle Connector 24 Position Surface Mount, Right Angle";" Through Hole ";"";"";"";"";"";"";"";"";"";"";"";"";"";"";"";"";"";"";"";"";"";"";"Wurth Electronics";"";"";"";"";"";"632723100011";"";"";"";"None";"";"";"";"";"632723100011";"";"";"";"";"";"None";"";"";"";"";"";"";"";"";"";"";"";"";"";"";"";"";"";"";"";"";"";"";"";"";"";"";
"20";"JUMPER-SMT_2_NC_PASTE_NO-SILK";"JUMPER-SMT_2_NC_PASTE_NO-SILK";"SMT-JUMPER_2_NC_PASTE_NO-SILK";"CHRG, EXT.SRC, HUB.VDD, IP.ANA, IP.AREF, IP.OUT, IP.PLL, IP.UTMI, IP.VDDIO, MN.CHRG, MN.UART.RX, MN.UART.TX, MN.VDD, REGMEAS, REGPROC, USB.VSRC, VP.DTR0, VP.DTR1, VP.PRC, VP.STOR";"Normally closed solder jumper";"";"";"";"";"EXCLUDE";"";"";"";"";"";"";"";"";"";"";"";"";"";"";"";"";"";"";"";"";"";"";"";"";"";"";"";"";"";"";"";"";"";"";"";"";"";"";"";"";"";"";"";"";"";"";"";"";"";"";"";"";"";"";"";"";"";"";"";"";"";"";"";"";"";"";"";"";"";"";"";"";"";"";"";"";"";"";"";"";"";"";"";"";"";"";
"1";"JUMPER-SMT_2_NO_PASTEFREE";"JUMPER-SMT_2_NO_PASTEFREE";"SMT-JUMPER_2_NO_PASTEFREE_NO-SILK";"UART.VCC";"Normally open solder jumper";"";"";"";"";"";"";"";"";"";"";"";"";"";"";"";"";"";"";"";"";"";"";"";"";"";"";"";"";"";"";"";"";"";"";"";"";"";"";"";"";"";"";"";"";"";"";"";"";"";"";"";"";"";"";"";"";"";"";"";"";"";"";"";"";"";"";"";"";"";"";"";"";"";"";"";"";"";"";"";"";"";"";"";"";"";"";"";"";"";"";"";
"1";"JUMPER-SMT_3_1-NC_PASTE_NO-SILK";"JUMPER-SMT_3_1-NC_PASTE_NO-SILK";"SMT-JUMPER_3_1-NC_PASTE_NO-SILK";"VREG.SEL";"Normally closed solder jumper (1 of 2 connections)";"";"";"";"";"";"";"";"";"";"";"";"";"";"";"";"";"";"";"";"";"";"";"";"";"";"";"";"";"";"";"";"";"";"";"";"";"";"";"";"";"";"";"";"";"";"";"";"";"";"";"";"";"";"";"";"";"";"";"";"";"";"";"";"";"";"";"";"";"";"";"";"";"";"";"";"";"";"";"";"";"";"";"";"";"";"";"";"";"";"";"";
"1";"LOADSWITCH-MIC94164";"LOADSWITCH-MIC94164";"WLCSP6_2X3";"U204";"Micrel 3A High-side Load Switch with Reverse Blocking";"";"";"";"";"";"";"";"";"";"";"";"";"";"";"";"";"";"";"";"";"";"";"";"";"";"";"";"";"";"";"";"";"";"";"";"";"";"";"";"";"Microchip Technology";"";"";"";"";"";"";"";"MIC94164YCS-TR";"";"";"";"";"";"";"";"";"MIC94164YCS-TR";"MIC94164";"";"";"";"";"";"";"YES";"";"";"";"";"";"";"YES";"";"";"";"";"";"";"";"";"";"";"";"";"";"";"";"";"";"";
"2";"MBR120VLSFT3GOSCT-ND";"DIODESOD-123";"SOD-123";"D1, D2";"Diode";"";"";"";"";"";"";"";"";"";"";"";"";"";"";"";"";"";"";"";"";"";"";"";"";"";"";"";"";"";"";"";"";"";"";"";"";"";"";"";"";"";"";"";"";"";"";"";"";"MBR120VLSFT3G";"";"";"";"";"";"";"";"";"MBR120VLSFT3G";"";"";"";"";"";"";"";"";"";"";"";"";"";"";"";"";"";"";"";"";"";"";"";"";"";"";"";"";"";"";"";"";"";
"1";"MCP73871T-2CCI/ML";"MCP73871T-2CCI/ML";"QFN50P400X400X100-21N";"U12";"IC USB/AC BATT CHRGR W/PPM 20QFN";"";"";"";"";"";"";"";"";"";"";"";"";"";"";"";"";"";"";"";" Fully Integrated Single Cell Lithium Ion/Lithium Polymer Charge Management Contr ";"";"";"MCP73871T-2CCI/MLCT-ND";"https://www.digikey.com/product-detail/en/microchip-technology/MCP73871T-2CCI-ML/MCP73871T-2CCI-MLCT-ND/7065594?utm_source=snapeda&utm_medium=aggregator&utm_campaign=symbol";"";"";"";"";"";"";"";"";"";"";"";"";"";"";"";"";"";"";"Microchip";"";"";"";"";"MCP73871T-2CCI/ML";"MCP73871T-2CCI/ML";"";"";"";"QFN-20 Microchip";"";"";"";"";"MCP73871T-2CCI/ML";"";"";"";"";"";"";"";"";"";"";"";"";"";"";"";"";"";"";"";"";"";"";"";"";"";"";"";"";"";"";"";"";"";
"1";"MF-MSMF050-2";"PTCFUSE-1812";"1812";"F2";"PTC fuses, resettable thermistors";"";"";"";"";"";"";"";"";"";"";"";"";"";"";"";"";"";"";"";"";"";"";"";"";"";"";"";"";"";"";"";"";"";"";"";"";"";"";"";"";"";"";"";"";"";"";"";"";"MF-MSMF050-2";"";"";"";"";"";"";"";"";"MF-MSMF050-2";"";"";"";"";"";"";"";"";"";"";"";"";"";"";"";"";"";"";"";"";"";"";"";"";"";"";"";"";"";"";"";"";"";
"2";"MH2029-300Y";"MH2029-300Y";"L0805";"L101, L102";"Ferrite Bead";"";"";"";"";"";"";"";"";"";"";"";"";"";"";"";"";"";"";"";"";"";"";"";"";"";"";"";"";"";"";"";"";"";"";"";"";"";"";"";"";"Bourns";"";"";"";"";"";"";"";"MH2029-300Y";"";"";"";"";"";"";"";"";"MH2029-300Y";"";"";"";"";"";"";"";"";"";"";"";"";"";"";"";"";"";"";"";"";"";"";"";"";"";"";"";"";"";"";"";"";"";
"2";"MH2029-300Y";"MH2029-300Y";"L0805";"L103, L104";"Ferrite Bead";"";"";"";"";"";"";"";"";"";"";"";"";"";"";"";"";"";"";"";"";"";"";"";"";"";"";"";"";"";"";"";"";"";"";"";"";"";"";"";"";"Bourns";"";"";"";"";"";"";"";"MH2029-300Y";"";"";"";"";"";"";"";"";"MH2029-300Y";"";"";"";"";"";"";"";"";"";"";"";"";"";"";"";"";"L";"";"";"";"";"";"";"";"";"";"";"";"";"";"";"";"";
"2";"Momentary";"MOMENTARY-SWITCH-SPST-SMD-5.2MM";"TACTILE_SWITCH_SMD_5.2MM";"S.ERASE, S.NRST";"Momentary Switch (Pushbutton) - SPST";"";"";"";"";"";"";"";"";"";"";"";"";"";"";"";"";"";"";"";"";"";"";"";"";"";"";"";"";"";"";"";"";"";"";"";"";"";"";"";"";"";"";"";"";"";"";"";"RS-187R05A2-DS MT RT";"RS-187R05A2-DS MT RT";"";"";"";"";"";"";"";"";"RS-187R05A2-DS MT RT";"";"";"";"";"";"";"COMP-12265";"";"";"";"";"";"COM-12993";"";"";"";"";"";"";"";"";"";"";"";"";"";"";"";"";"";"";"";"";
"4";"OPA357AIDBVTG4";"OPA357AIDBVTG4";"OPA357AIDBVTG4";"U6, U8, U10, U15";"TI-OPA357AIDBVTG4 Operational Amplifier";"75";"83";"1";"";"";"";"250";"";"1333678";"MO-178";"";"Manufacturer URL";"http://www.ti.com/";"Package Specification";"http://www.ti.com/litv/pdf/mpds026h";"";"http://www.ti.com/general/docs/lit/getliterature.tsp?genericPartNumber=OPA357&fileType=pdf";"";"SBOS235E";"";"0.02";"0.09";"";"";"";"";"";"";"Level C";"Level B";"Level A";"";"0.05";"yes";"vault";"1521853826";"";"100";"7.5";"";"";"";"Texas Instruments";"";"1";"Surface Mount";"";"";"OPA357AIDBVTG4";"1";"";"";"DBV6";"6-Pin Plastic Small Outline, Body 1.6 x 2.9 mm, Pitch 0.95 mm";"";"4073253-5/K, 03/2006";"";"OPA357AIDBVTG4";"";"";"";"";"U";"";"";"";"In, Out";"1370004439";"Yes";"30";"";"150";"";"";"";"High Output Current Amplifier (>=50mA), High Speed Amplifier (>=50MHz), Low Supply Voltage Amplifier (<=2.7V)";"";"";"";"-74";"";"";"";"CB56EDB0-23E6-4CBA-8F03-D217D127685E";"BD2B64F2-B79F-4C97-B6D3-B17A72B69E93";"";"8";"6.5";"";"5.5";"2.5";
"1";"Solar";"J-JST2-SMT-RA";"JST-PH-2-SMT-RA";"J19";"JST 2-Pin Connector";"";"";"";"";"";"";"";"";"";"";"";"";"";"";"";"";"";"";"";"";"";"";"";"";"";"";"";"";"";"";"";"";"";"";"";"";"";"";"";"";"JST Sales America Inc.";"";"";"";"";"";"";"";"S2B-PH-SM4-TB(LF)(SN)";"";"";"";"";"";"";"";"";"S2B-PH-SM4-TB(LF)(SN)";"";"";"";"";"";"";"";"";"";"";"";"";"";"";"";"";"";"";"";"";"";"";"";"";"";"";"";"";"";"";"";"";"";
"1";"TLV1117LV33DCYR";"TLV1117LV33DCYR";"DCY4";"U2";"TI TLV1117LV33DCYR 3.3V LDO Regulator";"";"";"";"";"";"EMA_UL_Team";"";"";"";"";"";"";"";"";"";"";"";"";"";"";"";"";"";"";"";"";"";"";"";"";"";"";"";"";"";"";"";"";"";"";"Texas Instruments";"TLV1117LV33DCYR";"";"";"";"";"";"";"TLV1117LV33DCYR";"";"";"";"";"";"";"";"";"TLV1117LV33DCYR";"";"";"";"";"";"";"";"";"";"";"";"";"";"";"";"";"";"";"";"";"";"";"";"";"";"";"";"Texas Instruments";"";"";"";"";"";
"20";"TPSTP10SQ";"TPSTP10SQ";"TP10SQ";"D0DAO, D0OFF, D0OPN, D0OPO, D0OPP, D1DAO, D1OFF, D1OPN, D1OPO, D1OPP, PDAO, POPN, POPO, POPP, PROFF, SDAO, SOPN, SOPO, SOPP, STOFF";"TEST PIN";"";"";"";"";"";"";"";"";"";"";"";"";"";"";"";"";"";"";"";"";"";"";"";"";"";"";"";"";"";"";"";"";"";"";"";"";"";"";"";"";"";"";"";"";"";"";"";"";"";"";"";"";"";"";"";"";"";"";"";"";"";"0";"";"";"";"";"";"";"";"";"";"";"";"";"";"";"";"";"";"";"";"";"";"";"";"";"";"";"";"";"";
"4";"TPTP10SQ";"TPTP10SQ";"TP10SQ";"3V3.MEAS, IP.3V3, SCL, SDA";"Test pad";"";"";"";"";"";"";"";"";"";"";"";"";"";"";"";"";"";"";"";"";"";"";"";"";"";"";"";"";"";"";"";"";"";"";"";"";"";"";"";"";"";"";"";"";"";"";"";"";"";"";"";"";"";"";"";"";"";"";"";"";"";"4";"";"";"";"";"";"";"";"";"";"";"";"";"";"";"";"";"";"";"";"";"";"";"";"";"";"";"";"";"";
"1";"USB2412-DZK";"USB2412-DZK";"QFN28_5X5MC_MCH";"U13";"";"";"";"";"";"";"EMA_Jessica";"";"";"";"";"";"";"";"";"";"Copyright (C) 2018 Accelerated Designs. All rights reserved";"";"";"";"";"";"";"";"";"";"";"";"";"";"";"";"";"";"";"";"";"";"";"";"";"";"USB2412-DZK";"";"";"";"";"";"";"USB2412-DZK";"";"";"";"";"";"";"";"";"USB2412-DZK";"";"";"";"";"";"";"";"";"";"";"";"";"";"";"";"Microchip_2019-08-23_1";"";"";"";"";"";"";"";"";"";"";"";"Microchip";"";"";"";"";"";
"2";"VARISTOR";"VARISTOR";"R0603";"VR3, VR4";"Varistor";"";"";"";"";"";"";"";"";"";"";"";"";"";"";"";"";"";"";"";"";"";"";"";"";"";"";"";"";"";"";"";"";"";"";"";"";"";"";"";"";"Bourns";"";"";"";"";"";"";"";"CG0603MLC-05E";"";"";"";"";"";"";"";"";"CG0603MLC-05E";"";"";"";"";"";"";"";"";"";"";"";"";"";"";"";"";"";"";"";"";"";"";"";"";"";"";"";"";"";"";"";"";"";
